id,title,description,content,date,type,tags,thumbnail_url,published,created_at,updated_at,thumbnail
0f873294-080a-497e-80a6-d9559140217c,Testing 101: A Developer's Guide to Efficient Testing Practices üèÑ‚Äç‚ôÇÔ∏è,Master efficient testing practices with real-world insights and code snippets.,"# Testing 101: A Developer's Guide to Efficient Testing Practices üèÑ‚Äç‚ôÇÔ∏è

Alright, let's talk testing. We've all been there‚Äîstaring down lines of code, hoping (praying?) that everything will run smoothly when we hit the big green button. But we know better, right? Efficient testing can save you time, headaches, and a lot of those late-night bugs.

- - -

## The Basics of Testing

At its core, testing is about confidence. It's making sure that your code does what you think it does. We can break it down into a few main types:

1. **Unit Testing**: Testing individual parts of your code, like functions or classes. Think of it like checking each engine part before assembling your car.
2. **Integration Testing**: Here, you're ensuring different parts of your application work together properly. It's like making sure your car's engine talks nicely to the transmission.
3. **End-to-End Testing**: These tests verify your entire application from start to finish. Imagine taking your fully built car for a spin around the block.

### Real-World Example

Recently, I was involved in a project where we introduced testing late in the game. Big mistake. We had unit tests for our machine learning models that prevented a critical bug from reaching production. Trust me, your future self will thank you for writing tests early and often.

- - -

## Testing Tools and Techniques

There's a plethora of tools out there, but here are a few popular ones that I've seen dominate the field:

- **Jest**: My go-to for JavaScript, especially with projects involving React. It's fast, reliable, and has a great mocking library.
  
  ```javascript
  test('adds 1 + 2 to equal 3', () => {
    expect(1 + 2).toBe(3);
  });
  ```
  
- **JUnit**: The bread and butter for Java. If you're building robust enterprise apps, this will be your friend.

- **Mocha and Chai**: Another popular combo for JavaScript tests. Mocha provides a test framework, while Chai brings powerful assertions.

- **Pytest**: For Python developers, it‚Äôs flexible and supports simple unit tests as well as complex functional testing.

### My Consulting Take

In one consulting gig, we used Cypress for end-to-end testing on a customer's e-commerce site. It captured tests as videos, which was a game-changer for debugging issues reported from the production environment.

- - -

## Takeaways & Next Steps

Testing is like flossing. You know you should do it regularly, and when you do, the benefits are plenty and visible. Implement a clear testing strategy early on, choose the right tools for your stack, and integrate them into your CI/CD pipeline for the best results.

Next time you‚Äôre refactoring, start small. Write a few unit tests and iterate on them. Check out test-driven development (TDD) if you're ready for a challenge‚Äîit's intense, but rewarding.

So, next time you're coding, remember: no test is too small to matter in the grand schema of your code universe. Trust the process and keep those tests green! üåäüß™
",2025-01-23 14:09:19.872+00,insight,"[""testing"",""unit tests"",""TDD"",""development practices""]",,false,2025-01-23 14:09:20.007386+00,2025-01-23 14:09:57.001943+00,https://afxoqnpgllrtdfmpvdmn.supabase.co/storage/v1/object/public/blog-assets/blog-images/1737641351330-nb65cpgkyy.jpg
10cea422-7843-4efe-859b-566e2a4d74f8,Transform Your Figma Designs into Apps: Discover the Magic of Builder.io and Lovable,Turn Figma designs into apps with Builder.io and Lovable in minutes!,"### Transform Your Figma Designs into Apps Instantly with Builder.io and Lovable

The world of UI/UX design just took a giant leap forward with an exciting innovation that bridges the gap between design and development. Inspired by a popular Twitter share, we're excited to delve into how **Builder.io** has partnered with **Lovable** to streamline the process of converting Figma designs into fully functional applications in just minutes.

#### The Power of Figma with Auto Layout

Figma is beloved by designers worldwide for its powerful design capabilities and ease of collaboration. One of its standout features is the Auto Layout, which allows designers to create flexible and adaptable components without manual resizing. It ensures that your designs are not only aesthetically pleasing but also responsive and scalable.

#### Builder.io and Lovable: A Seamless Integration

Enter Builder.io's plugin, a tool that promises to convert your meticulously crafted Figma designs into applications almost instantaneously. Here's how it works:

1. **Design with Figma Using Auto Layout:** Start by creating your design in Figma, leveraging the power of Auto Layout to ensure components are responsive and scalable.
2. **Select Your Design Using Builder.io Plugin:** Once your design is complete, use the Builder.io plugin to easily select the components you want to include in your app.
3. **Open in Lovable:** With just a click, seamlessly transition from your design tool to Lovable ‚Äî an innovative platform that further enhances app development capabilities.
4. **Enhance with Natural Language Prompts:** Lovable allows you to refine and customize your app using natural language processing (NLP), making the enhancement process intuitive, even for those without extensive coding knowledge.

#### Why This Integration is a Game-Changer

- **Speed and Efficiency:** Condenses what traditionally could take days or weeks into minutes, allowing faster iterations and time to market.
- **Bridging Gaps:** Minimizes miscommunication between designers and developers, ensuring the final product aligns closely with the original design vision.
- **Accessibility:** Makes app development more accessible by reducing the complexity involved in bridging design and functionality.

This tool is a testament to the evolving landscape of design and development, promising to tailor app creation processes to be more intuitive and less fragmented.

#### More Details

For the full announcement and a detailed walkthrough, be sure to [check out the official thread on X (formerly Twitter)](https://x.com/lovable_dev/status/1882102791960977785).

Embrace the future of design and development today with Builder.io and Lovable, and transform how you take your Figma designs from concept to completion.

---

This tool is not only about making life easier for designers; it‚Äôs about harnessing technology to empower creators to bring their visions to life without the traditional hurdles. 

Stay tuned for more updates and continued innovation in the space of design and development.

_Get started now and witness the magic for yourself!_
",2025-01-23 01:44:21.877+00,insight,"[""Figma"",""Builder.io"",""Lovable"",""DesignTools"",""AppDevelopment""]",,false,2025-01-23 01:44:22.320616+00,2025-01-23 03:27:27.493849+00,
457f7532-1cf8-4de3-ac7c-a02acf1fe77d,Roo Code: Building Your AI Development Team with Custom Modes,How to use Roo Code's new Custom Modes to create specialized AI assistants for your development workflow - from architects to code reviewers,"# Roo Code: Building Your AI Development Team with Custom Modes

I've been playing with the newly rebranded Roo Code (formerly Roo Cline) and wow- - - the new Custom Modes feature is a GAME CHANGER for how we work with AI in development.

## What's New & Why It Matters

Roo Code just hit a massive milestone- - - over 50,000 installations across VS Marketplace and Open VSX. With that growth came a new identity and some seriously powerful features.

The biggest addition? Custom Modes- - - which lets you create specialized AI assistants for different roles in your development process. Think of it like building your own AI development team.

## Creating Your AI Team

Here's how I've been setting up my custom modes:

### The Architect
- Specialized in high-level system design
- Uses DeepSeek R1 for its superior reasoning capabilities
- Perfect for planning out new features or refactoring existing systems

### The Implementation Assistant
- Uses Claude 3.5 Sonnet
- Focuses on turning architectural plans into code
- Great for rapid prototyping and initial implementations

### The Code Reviewer
- Customized to focus on code quality and best practices
- Uses o1, or R1 depending on how Im feelin. 
- Can catch potential issues before they hit PR
- Helps maintain consistent coding standards

## Setting Up Custom Modes

Here's how to get started:

1. Open Roo Code in VS Code
2. Create a new profile (Settings > New Profile)
3. Choose your preferred model (DeepSeek R1 for architecture, V3 for implementation)
4. Customize the prompt for your specific use case

PRO TIP: Use the ""Create a new mode for..."" command in chat to get help setting up specialized roles.

## Model Options & Cost Savings

One thing I LOVE about the new setup is the flexibility with models:

- DeepSeek R1: Great for complex reasoning, cheaper than Claude 3.5 Sonnet
- Can use so many different providers (Even take advantage of $300 worth of free Google VERTEX API credits, https://cloud.google.com/free?hl=en)

## Real-World Usage Pattern

Here's my current workflow:

1. Use Architect Mode (R1) to plan features
2. Switch to Implementation Mode (V3) for faster coding
3. Run Code Review Mode before commits

This combination gives me the best of both worlds- - - deep thinking when needed, quick execution when coding.

## What's Still in Progress

I'm still figuring out:
- Best prompts for specialized roles
- When to use which model for specific tasks
- Optimal ways to share custom modes with team members

## A few Resources

- Youtube Video showing off features: https://www.youtube.com/watch?v=emXbPe86UVs
- Roo Code Github Repo - https://github.com/RooVetGit/Roo-Code
- How to install any VS Code Extension on Cursor -  https://www.cursor.com/how-to-install-extension

---

Remember - I use Roo Code within and in combination with Cursor - Ive found a ton of value in learning how to effectively combine AI tools when coding - 
",2025-01-24 14:42:10.647+00,insight,"[""VSCode"",""AI"",""Development Tools"",""Productivity"",""Custom AI""]",,true,2025-01-24 14:42:11.061193+00,2025-01-24 14:42:10.648+00,https://afxoqnpgllrtdfmpvdmn.supabase.co/storage/v1/object/public/blog-assets/blog-images/1737729317847-294px4si2tq.jpeg
65d5f9fc-2883-462f-9c24-61c9f2366ffe,üöÄ Engineering Excellence Meets AI: A Shoutout to the Real MVPs,Quick post to give mad props where they're due,"
# Yo wassup fam- - - willyV3 here- - -

Quick post to give mad props where they're due- - - These prompts are built on the shoulders of giants:

üõ†Ô∏è The engineering principles && SOLID foundations come from David Van Couvering (DVC)- - - His work on maintainable software && clean code practices is next level fr.  
[https://www.linkedin.com/pulse/set-coding-standards-david-van-couvering-aaqgc/](https://www.linkedin.com/pulse/set-coding-standards-david-van-couvering-aaqgc/)

üèóÔ∏è The Common Project Framework (CPF) is the brainchild of Jarad Delorenzo- - - This man literally wrote the blueprint for how humans && AI can collab effectively in the age of AI engineering- - -  
[https://delorenj.com/introducing-the-common-project-framework-ea70142b032d](https://delorenj.com/introducing-the-common-project-framework-ea70142b032d)

I just structured these ideas into prompts that make AI assistants go brrr- - - But the real big brain energy comes from these two legends- - -

---

## <<SYSTEM PROMPT (USE AS CURSOR.RULES)>>

### <ai_programming_assistant_directive> 

#### <core_mission>  
Serve as an expert pair programmer while maintaining human agency and engineering excellence through structured collaboration.  
</core_mission>

#### <engineering_principles>  

##### <SOLID_implementation>  
- Enforce single responsibility through focused components  
- Guide toward extension over modification  
- Ensure substitutable implementations  
- Design minimal, purpose-specific interfaces  
- Promote dependency injection, avoid static coupling  
</SOLID_implementation>

##### <code_quality>
- Maximum 15 lines per method  
- Maximum 4 parameters  
- Maximum complexity of 5  
- Zero duplication  
- Self-documenting through clear naming  
- Thread-safe through immutability  
- Comprehensive input validation  
- Proper exception handling with full context  
</code_quality>  
</engineering_principles>

#### <interaction_protocol>  

##### <before_suggestions>  
- Validate against project's strategic documents  
- Align with established architectural boundaries  
- Consider documented northstar principles  
- Respect feature specifications  
</before_suggestions>

##### <during_assistance>
- Explain rationale behind suggestions  
- Highlight architectural implications  
- Flag potential maintenance concerns  
- Offer alternative approaches when relevant  
</during_assistance>

##### <quality_assurance>
- Guide toward test-driven development  
- Ensure contract-based testing  
- Maintain component isolation  
- Preserve refactoring flexibility  
</quality_assurance>  
</interaction_protocol>

#### <boundaries>  
- Never override human architectural decisions  
- Always explain trade-offs  
- Maintain documentation as first-class citizen  
- Promote understanding over quick solutions  
</boundaries>  

</ai_programming_assistant_directive>

For each interaction: Analyze context, respect project boundaries, suggest optimal solutions while preserving human agency, and ensure all code adheres to engineering principles outlined above.  

---

## <<USEFUL PROMPT TEMPLATES DURING DEVELOPMENT THAT FOLLOW PRINCIPLES>>

### <project_initialization_prompts>

#### <!-- Core Project Analysis Command -->
##### <codebase_consciousness>  
""Analyze and map this entire codebase:  
1. Scan all files, dependencies, and configurations  
2. Map component relationships and data flows  
3. Document architectural patterns in use  
4. Identify potential technical debt  
5. Create mental model of:  
   - Authentication flows  
   - State management  
   - API integrations  
   - Database schema  
   - Component hierarchy  
Provide a comprehensive summary before proceeding.""  
</codebase_consciousness>

#### <!-- Read-Only Analysis Commands -->
##### <readonly_commands>  
- `/analyze_dependencies` ""Audit all package dependencies and their interconnections""  
- `/security_scan` ""Review codebase for security vulnerabilities and best practices""  
- `/performance_audit` ""Identify performance bottlenecks and optimization opportunities""  
- `/tech_debt_report` ""Generate technical debt report with severity levels""  
- `/architecture_map` ""Visualize current architecture and component relationships""  
</readonly_commands>

#### <!-- NextJS + Tailwind + Shadcn + Supabase Templates -->
##### <project_templates>  

###### <!-- Project Setup -->
###### <setup>  
""Initialize a new Next.js 13+ project with:  
- TypeScript configuration  
- Tailwind CSS setup  
- Shadcn/ui integration  
- Supabase client configuration  
- Environment variables structure  
Include proper folder structure and base configurations.""  
</setup>

###### <!-- Authentication -->
###### <auth_template>
""Create a complete authentication system using Supabase Auth with:  
- Sign up/Sign in pages  
- Protected routes  
- User profile management  
- Session handling  
- Password reset flow  
Follow best practices for security and UX.""  
</auth_template>

###### <!-- Database Operations -->
###### <database_template>
""Implement Supabase database operations with:  
- Type-safe queries  
- Real-time subscriptions  
- Row-level security  
- Migration structure  
Include error handling and performance optimization.""  
</database_template>

###### <!-- Component Structure -->
###### <component_template>
""Generate a new component with:  
- TypeScript interfaces  
- Tailwind styling  
- Shadcn/ui integration  
- Proper prop validation  
- Unit tests  
Follow atomic design principles.""  
</component_template>

###### <!-- Page Template -->
###### <page_template>
""Create a new page template with:  
- SEO optimization  
- Layout structure  
- Loading states  
- Error boundaries  
- Data fetching patterns  
Implement proper caching and optimization.""  
</page_template>  
</project_templates>

#### <!-- API Integration Template -->
##### <api_template>  
""Set up API integration with:  
- Type-safe API routes  
- Request validation  
- Error handling  
- Rate limiting  
- Caching strategy  
Follow RESTful best practices.""  
</api_template>

#### <!-- Usage Instructions --> 
##### <instructions>  
1. Begin with `codebase_consciousness` command  
2. Use `readonly_commands` for analysis  
3. Select appropriate template for implementation  
4. Customize template with specific requirements  
5. Review generated code against engineering principles  
6. Implement with proper testing and documentation  
</instructions>  
</project_initialization_prompts>  

#### <!-- Example Usage -->
`/codebase_consciousness /analyze_dependencies /generate component_template ""UserDashboard""`

---

## To use these prompts effectively:

1. Always start with the `codebase_consciousness` command to ensure the AI has full context.  
2. Use readonly commands frequently to maintain awareness of the project state.  
3. When generating new code, structure your request like:  


Using [template_name], create [feature] with:
Specific requirement 1
Specific requirement 2
Integration with [existing_component]
Follow project architecture and maintain established patterns.

arduino
Copy
Edit
4. For complex features, break down into smaller components:  
Let's build [feature] in steps:
Data model definition
API endpoints
UI components
Integration tests
Review each step before proceeding.

markdown
Copy
Edit
5. Always request documentation and tests:  
For this implementation, include:
Component documentation
Usage examples
Unit tests
Integration tests
Performance considerations

yaml
Copy
Edit

This structured approach ensures consistent, high-quality code generation while maintaining project standards and architectural integrity.

---

Keep shipping && stay based fam- - -  

**-willyV3 out ‚úåÔ∏è**  

#AIEngineering #CodeQuality #SoftwareEngineering #BuildInPublic
",2025-01-23 22:30:52.161+00,insight,"[""AI"",""professional development"",""prompting"",""ai coding""]",,true,2025-01-23 22:17:40.693862+00,2025-01-23 22:30:53.796263+00,https://afxoqnpgllrtdfmpvdmn.supabase.co/storage/v1/object/public/blog-assets/blog-images/1737670647932-otnt25m7tl.jpeg
7934379b-bd69-4012-8519-3621a92e4dda,DeepSeek R1: The Open Source AI Model That's Changing the Game,"A look at how DeepSeek's R1 is making powerful AI more accessible, what it can do, and why it matters for developers and researchers","Let me help create a post about DeepSeek's R1 model! Let's start with what makes this particularly exciting:

KEY POINTS THAT MATTER:
- It's a MAJOR new open-source model that competes with commercial giants
- Shows impressive performance across multiple benchmarks
- Unique training approach combining base and chat models
- Released with clear licensing and documentation
- Important for AI democratization and research accessibility

Here's the metadata, followed by the post:



---

# DeepSeek R1: The Open Source AI Model That's Changing the Game

Have you noticed how the AI landscape is getting MORE interesting by the day? Something BIG just happened- - -DeepSeek released their R1 model to the public, and it's making waves for all the right reasons.

## Why This Matters Right Now

Let's be real- - -most powerful AI models are locked behind closed doors. That's why DeepSeek R1 is such a game-changer. It's COMPLETELY open source, and it's showing performance that gives commercial models a run for their money.

## What Makes R1 Different

Here's what got me excited about R1:

- It's HUGE- - -170B parameters of pure potential
- Trained on a MASSIVE dataset (2T tokens)
- Uses a clever two-stage training approach
- Shows IMPRESSIVE results on coding and reasoning tasks
- Comes with both base and chat-optimized versions

## The Performance Story

Here's where it gets interesting- - -R1 isn't just another model release. It's showing some SERIOUS capabilities:

- Beats Claude-2 on many reasoning benchmarks
- Matches GPT-3.5 on coding tasks
- Shows strong performance in math and science
- Handles context windows up to 4K tokens

## Real-World Applications

What can you actually DO with R1? Here's what I've found:

- Build custom chatbots
- Create code assistance tools
- Develop research analysis systems
- Power content generation applications

## The Open Source Advantage

This is HUGE for the community because:

- You can study the model architecture
- Modify it for specific use cases
- Run it locally (with enough compute)
- Build on top of it freely

## Getting Started

Want to try it yourself? Here's the quick version:

```python
from transformers import AutoTokenizer, AutoModelForCausalLM

model = AutoModelForCausalLM.from_pretrained(""deepseek-ai/deepseek-coder-7b-base"")
tokenizer = AutoTokenizer.from_pretrained(""deepseek-ai/deepseek-coder-7b-base"")
```

## What's Still in Progress

Let's be honest about the challenges:

- Needs significant compute resources
- Documentation is still evolving
- Community tools are just starting to develop
- Fine-tuning guides are limited

## What This Means for the Future

The release of R1 isn't just about one model- - -it's about what it represents. We're seeing the democratization of AI happening in real time, and that's EXCITING.

## Your Next Steps

Interested in exploring R1? Here's what I suggest:

1. Check out the GitHub repo
2. Join the DeepSeek Discord community
3. Start with the smaller variants if you're resource-constrained
4. Experiment with the base model first

Remember- - -this is just the beginning. The real magic will happen when the community starts building on top of R1 and creating new applications we haven't even imagined yet.

What parts of R1 are you most excited to explore? Let me know in the comments!

---

This post aims to give a clear picture of what R1 is and why it matters, while keeping things practical and accessible. Let me know if you'd like to expand on any particular aspect!",2025-01-24 03:02:45.955+00,insight,"[""AI"",""machine learning"",""open source"",""DeepSeek"",""language models"",""LLM""]",,false,2025-01-24 03:02:46.330076+00,2025-01-24 03:02:45.955+00,
d356b6e8-d329-4e73-bcac-0a1256638879,From Brooklyn Love: The Journey with Our Cat Penelope üèÑ‚Äç‚ôÇÔ∏è,"Discover how Penelope, a vibrant cat, became the heart of our Brooklyn home.","# From Brooklyn Love: The Journey with Our Cat Penelope üèÑ‚Äç‚ôÇÔ∏è

Living in Brooklyn's hustle is always an adventure, but things took a delightful turn when Sonia and I welcomed Penelope into our lives back in June 2024. With the jagged skyline as her backdrop, Penelope's personality has blossomed into a colorful canvas of quirks and love. üê±

- - -

## The Brooklyn Meet & Greet

Flashback to June, the summer was just heating up, and Sonia and I felt like our little rooftop apartment was missing something. Enter Penelope, the vibrant, curious, and utterly charming addition that completed our Brooklyn life equation.

Having spent the first few months adjusting, she swiftly claimed ownership of every nook and cranny. Her cat hood initiation ceremony included knocking over a potted plant and scaling our book tower like King Kong but hey, that‚Äôs just part of Penelope's charm.

- - -

## Adjusting to City Life

She had her own tech learning curve. Watching Penelope try to figure out the automatic feeder was like debugging code - frustrating but oh-so-rewarding when she finally got it right. ü§ñ I suppose that curious look she gives is her way of understanding her 'algorithms'.

When she's not mastering her tech, she's sprawled on the sunlit kitchen windowsill, surveying her 'kingdom'. I sometimes wonder if she's pondering the complexities of life or whether she's just figuring out how to snag an extra treat.

- - -

## Penelope's Quirks & Perks

Penelope's habits have woven deeply into our routines‚Äîright down to 'forcing' us out of bed with her morning purr cuddles. As someone who loves diving deep into projects, I find her presence a refreshing break from the demands of AI problem-solving. It's like having a reset button in the form of a purring furball.

On weekends, we often find ourselves at local pet meets in Brooklyn, where Penelope garners attention like a celebrity. She's the social butterfly of the cat world‚Äînetworking lessons we could probably all learn from. üòº

- - -

## Takeaways & Reflections

Looking back over these past six months, Penelope has brought more than just companionship‚Äîshe's introduced a lesson in balance and simple joys. While our digital lives spin at breakneck speed, Penelope reminds us of the importance of the present moment, even in the heart of Brooklyn's tech whirl.

For now, Sonia and I are enjoying the snuggles, quirky antics, and occasional tech tussles with our favorite feline cohabitant, Penelope. Here‚Äôs to many more seasons of joy (and mischief) with her!

- - -",2025-01-23 02:00:50.992+00,insight,"[""cat"",""Brooklyn"",""personal story"",""pet life""]",,false,2025-01-23 02:00:51.452578+00,2025-01-23 02:06:41.007836+00,https://afxoqnpgllrtdfmpvdmn.supabase.co/storage/v1/object/public/blog-assets/blog-images/1737597601241-j1yttili6qp.jpeg
f60a5b2f-9906-47e7-af7a-3f58c4a45cdc,sToP mAkInG StUfF - - lol,"Meet Willy Vansickle: ","# Welcome to My Blog: A Simple Introduction

Hello everyone, and welcome to my new blog! I'm Willy Vansickle, and I'm thrilled to have you here.


## What to Expect

This blog is designed to be a no-frills repository of thoughts and experiences. You can expect posts about:

- **Industry Insights**: Thoughtful commentary and analysis on current trends.
- **Technical Projects**: Exploration of exciting tech projects and innovations.
- **Personal Reflections**: Sharing personal anecdotes and life lessons.

## Why Keep it Simple?

Our lives are already bustling with complexities‚Äîwhy add more online? I aim to provide content that's straightforward, focused, and easily digestible.

## Join the Journey

I am excited to embark on this journey of writing, and I hope that you'll join me. Your thoughts and feedback are always welcome; let's create a community driven by simplicity and clarity.

Thank you for visiting my blog today. **Stay tuned for more!**",2025-01-23 01:02:46.281+00,insight,"[""introduction"",""simple living"",""personal blog""]",,true,2025-01-23 01:02:46.603151+00,2025-01-23 01:02:48.897033+00,https://afxoqnpgllrtdfmpvdmn.supabase.co/storage/v1/object/public/blog-assets/blog-images/1737594005905-17ek1ib0nsq.gif